store_name,#맛집,#가성비,#양푸짐,#디저트맛집,#분위기깡패,#뷰맛집,#야경명소,#사진명소,#힙한,#조용한,#레트로,#주차편함,#대중교통편리,#넓은공간,#청결한,#친절해요,#웨이팅필수,#혼자가기좋은,#직원친절,#무료입장,#데이트코스,#가족과함께,#아이와함께,#반려동물동반,#친구랑,#힐링산책,#빵지순례,#실내데이트,#이색체험,#카공하기좋은
N서울타워,0.08551285,0.10955896,0.03304949,0.06578954,0.11974577,0.41256455,0.16967401,0.091723196,0.029528929,0.044144463,0.077171244,0.06961659,0.100638695,0.049384344,0.07328512,0.07584062,0.103606775,0.0273326,0.06361303,0.07421559,0.04690439,0.104715094,0.15175197,0.028308323,0.052474435,0.10904284,0.030701427,0.15550755,0.10158837,0.075066924
감천문화마을,0.05702075,0.03319933,0.022571437,0.07284754,0.08216044,0.18890865,0.049418177,0.1373877,0.020405667,0.03241901,0.06342831,0.05951439,0.08102981,0.039153785,0.04272649,0.07942836,0.050917305,0.01920129,0.069828674,0.034402784,0.027392136,0.0382935,0.059908137,0.017164156,0.03926249,0.07400459,0.022504592,0.0715571,0.13776931,0.05237084
경복궁,0.06994662,0.049705338,0.03306438,0.049529184,0.15308863,0.21922907,0.08342235,0.15148371,0.029910918,0.050824977,0.1064279,0.06108859,0.109236434,0.06615497,0.06317172,0.07036917,0.0856161,0.030104788,0.059822176,0.108399905,0.040970493,0.06353824,0.11801664,0.025404178,0.050143834,0.21229278,0.028717762,0.13892719,0.18199563,0.12615465
경주대릉원,0.061525773,0.047313217,0.032581076,0.048595373,0.18458247,0.3631631,0.07792969,0.24476983,0.029127264,0.05581499,0.07246687,0.086512946,0.08589666,0.065732546,0.076950856,0.03477575,0.058343306,0.027981898,0.027845532,0.1277267,0.03688998,0.049673084,0.059115216,0.026367486,0.035748523,0.38874388,0.026243744,0.1361906,0.12831502,0.29386494
경주월드,0.12635638,0.06825855,0.02864158,0.042660788,0.04956089,0.08755838,0.051704474,0.05451716,0.022049166,0.030396199,0.041940864,0.05460528,0.057368517,0.04439462,0.052745905,0.069649085,0.13506699,0.021433888,0.05833492,0.031430878,0.028545542,0.046087533,0.18698907,0.01768163,0.045693353,0.08283938,0.03420327,0.10907061,0.07502385,0.019997468
경포해변,0.064330205,0.030434774,0.023809025,0.039853428,0.12605517,0.38195318,0.06983111,0.07036285,0.018514628,0.03522016,0.04400709,0.059011616,0.059639275,0.057560164,0.09067027,0.03134113,0.03776902,0.018327978,0.025768984,0.037575535,0.02400178,0.04142626,0.046801835,0.01660807,0.02734454,0.19237778,0.020031603,0.14261141,0.06585032,0.1091478
광명동굴,0.07445265,0.10776486,0.046288397,0.058849726,0.115270846,0.10892856,0.0758876,0.115649134,0.033680715,0.046465557,0.08544644,0.102532476,0.0977141,0.080511495,0.09126376,0.08436958,0.08049285,0.030049011,0.076290615,0.10672005,0.052633278,0.11163212,0.27615768,0.025102487,0.051089756,0.13857538,0.032585967,0.34251127,0.35609108,0.059163097
광안리해수욕장,0.1324032,0.04005045,0.0317026,0.07748289,0.15693018,0.43204367,0.17100929,0.09579357,0.02661868,0.04896152,0.056776557,0.066946864,0.0983322,0.050941203,0.05248458,0.03518908,0.058266677,0.023687717,0.032575376,0.05188416,0.040571786,0.054427337,0.0652413,0.025066921,0.04110454,0.17684573,0.03223623,0.13011146,0.1329156,0.11569627
국립중앙박물관,0.08403264,0.067319654,0.04208287,0.052146398,0.11185117,0.16738573,0.059052724,0.09767168,0.030065361,0.04904443,0.12376483,0.086002104,0.15810832,0.091186084,0.081505515,0.08986008,0.088402025,0.027517145,0.07371013,0.11994515,0.04155527,0.062154673,0.14408183,0.023252955,0.03598065,0.112730235,0.030686544,0.15616882,0.56296176,0.07606257
낙산사,0.07994223,0.06422165,0.024285885,0.07330927,0.08188081,0.46867037,0.04870175,0.04393416,0.019084223,0.03424982,0.042826507,0.13557446,0.06937146,0.05186095,0.05490169,0.045997977,0.042282216,0.0176537,0.042165164,0.099474534,0.02530623,0.046342876,0.06024746,0.016874317,0.021990145,0.15317039,0.024557948,0.17390889,0.07027481,0.09421975
남이섬,0.100498065,0.08188334,0.039911777,0.07737617,0.15169264,0.25323278,0.06816535,0.13402946,0.034582194,0.055361968,0.06988382,0.10022103,0.08642831,0.07804708,0.09715103,0.069278345,0.095657736,0.031583585,0.0575008,0.07487488,0.046907347,0.13727134,0.16954243,0.031961177,0.0571013,0.28354686,0.036464565,0.14989702,0.192604,0.18031664
남해독일마을,0.16029349,0.052802198,0.030482385,0.09064036,0.13297188,0.259962,0.051226176,0.09414292,0.025193142,0.039515883,0.048710454,0.0715027,0.06508995,0.048530065,0.0458608,0.049892914,0.04560793,0.02086735,0.0485755,0.03420715,0.03273269,0.055164002,0.08266722,0.02111139,0.03589461,0.1487728,0.031369265,0.10130121,0.17618275,0.10850001
대관령양떼목장,0.07978598,0.07292454,0.038001742,0.046648704,0.11488737,0.2339795,0.05189489,0.11837938,0.030432208,0.045165204,0.06166658,0.06495314,0.06284173,0.082445845,0.098240174,0.057848725,0.08824508,0.026890317,0.05370102,0.07620621,0.038566697,0.0771497,0.27306944,0.023600005,0.0457275,0.27604836,0.028349454,0.20349094,0.23607428,0.14263964
대왕암공원,0.047040384,0.027499923,0.020260531,0.031958092,0.07791943,0.29471216,0.03543526,0.04549445,0.018399721,0.03188359,0.028809536,0.07213639,0.038836926,0.046366166,0.05289784,0.028952055,0.030327637,0.015128026,0.026125785,0.046190362,0.021175511,0.04230447,0.04922092,0.015881067,0.022203967,0.31076863,0.017473612,0.10042158,0.07063387,0.20378444
대전오월드,0.09685845,0.083874896,0.036714315,0.04635428,0.0729582,0.108150326,0.06788275,0.06561856,0.031004155,0.03822978,0.060335442,0.06572747,0.07764152,0.07199803,0.0997063,0.115272075,0.11973383,0.029008279,0.101087876,0.045252495,0.0382579,0.091321655,0.390599,0.022168892,0.048715215,0.08002358,0.03277362,0.11315273,0.21640491,0.037444774
대한다원보성녹차밭,0.10539474,0.04188726,0.025141919,0.05068595,0.10718126,0.26635945,0.044948224,0.12684819,0.021059966,0.03482124,0.027516775,0.052294284,0.0434044,0.0464621,0.052862797,0.032228142,0.03873722,0.018287169,0.028501678,0.051175416,0.028139858,0.057816494,0.12205519,0.017486734,0.028666355,0.22528473,0.022418078,0.11938092,0.07088108,0.13533407
덕수궁,0.059230816,0.04720059,0.032243963,0.052111764,0.1667185,0.29053545,0.11291898,0.098900996,0.030376108,0.055907883,0.120362654,0.05599117,0.12827119,0.05775705,0.062150832,0.06601389,0.0826126,0.029300394,0.052073266,0.10198947,0.041183285,0.06595744,0.07889957,0.027394263,0.039272234,0.29579428,0.029448,0.13514355,0.20273463,0.21240737
도담삼봉,0.063570976,0.04439952,0.020963475,0.0387733,0.08287491,0.16968337,0.04078066,0.1094864,0.015796667,0.026959848,0.03551489,0.10378649,0.04719127,0.039484464,0.04326507,0.03232905,0.041537847,0.015135075,0.027254231,0.05300308,0.019773545,0.03116062,0.0485053,0.013535262,0.019507753,0.116456255,0.019629218,0.12999113,0.061119504,0.051934637
독립기념관,0.056082297,0.049163938,0.02416567,0.033593994,0.058185317,0.11024047,0.036440276,0.04590376,0.021474121,0.030560218,0.08967058,0.10320484,0.08926216,0.07391166,0.062219303,0.046745833,0.040967565,0.019535737,0.038887415,0.0655194,0.024569204,0.044489495,0.16746445,0.014527578,0.021673983,0.13066456,0.021739753,0.103059545,0.19730037,0.06965823
동궁과 월지,0.08924246,0.06531664,0.039815724,0.050950546,0.25095728,0.22884284,0.3956665,0.19850296,0.03365084,0.056746315,0.061458156,0.14468728,0.10127273,0.0713932,0.08656748,0.058897045,0.12770861,0.03573118,0.040598646,0.0932438,0.052434966,0.09309272,0.07630538,0.035756346,0.048879597,0.19306749,0.034680612,0.13580401,0.10705679,0.14152543
동문시장,0.5293897,0.07385807,0.03663922,0.05555484,0.043037817,0.064207606,0.04268593,0.033025965,0.025458144,0.02474291,0.019615795,0.03875624,0.044776835,0.04175138,0.060860008,0.108475804,0.03637888,0.019597659,0.110178955,0.018712346,0.02863673,0.02563015,0.056860976,0.016179023,0.032661185,0.028413171,0.053618252,0.1063684,0.049880266,0.011401964
두물머리,0.14048094,0.044863082,0.030316254,0.1211485,0.11717267,0.33444533,0.04995327,0.09089806,0.026482286,0.04814345,0.03893664,0.10017572,0.06298356,0.05384705,0.05043889,0.042318933,0.045878313,0.021818858,0.040595725,0.054783467,0.032181174,0.04083404,0.066574626,0.022824092,0.03485356,0.32069594,0.034497127,0.13105564,0.08908964,0.2377017
롯데월드 어드벤처,0.12601498,0.067594655,0.031638637,0.048633322,0.060212217,0.06950524,0.065870404,0.07733643,0.02571281,0.03378157,0.057024807,0.058527514,0.06410816,0.046113275,0.046127114,0.08128864,0.11978345,0.025351427,0.06949885,0.034305815,0.035650413,0.049146432,0.26718822,0.01969609,0.071613,0.050323162,0.03413102,0.12791659,0.105563775,0.02083724
만천하스카이워크,0.056369685,0.06447579,0.023909768,0.04289853,0.080305316,0.26977986,0.05237313,0.08066062,0.020174297,0.031855963,0.052445166,0.11530567,0.11586744,0.041383777,0.04564378,0.077665545,0.07018421,0.01961895,0.069042735,0.07328562,0.026191873,0.058027696,0.07880475,0.016680563,0.024879409,0.09991062,0.024107618,0.13614084,0.09702654,0.045606405
목포해상케이블카 북항승강장,0.08843704,0.073174775,0.033365346,0.060362466,0.089186005,0.43792424,0.11131324,0.08161048,0.027807333,0.046607547,0.06860358,0.06655147,0.08179815,0.048741467,0.058117487,0.07796811,0.13097924,0.025519826,0.06415478,0.058412865,0.035848632,0.1231096,0.08359151,0.026347918,0.042971645,0.22034714,0.030468957,0.17395444,0.12923235,0.13730785
바람의언덕,0.08675269,0.0415856,0.029004687,0.06755488,0.11671338,0.29318327,0.036610615,0.11724762,0.021574818,0.03948388,0.037469845,0.09627605,0.05727151,0.050500695,0.05349041,0.0414361,0.045880783,0.01900529,0.03916234,0.05134573,0.026682068,0.042786676,0.049595717,0.018284181,0.031516,0.40700635,0.025705535,0.19401303,0.09058704,0.1347695
법주사,0.039882462,0.055829152,0.018786227,0.029164566,0.07906152,0.22053374,0.033722747,0.040202383,0.015075859,0.02593755,0.031552244,0.07171311,0.044178873,0.034838997,0.040009104,0.041809317,0.03058141,0.013534996,0.037425674,0.0712787,0.01919241,0.037340485,0.043462,0.013507804,0.019680394,0.17197597,0.017062927,0.11881681,0.06550632,0.09914697
부산엑스더스카이,0.112876296,0.13064602,0.03619562,0.09549825,0.09473243,0.38478184,0.16179894,0.12752551,0.029814817,0.04220951,0.06201425,0.07543674,0.08835294,0.04883145,0.06775204,0.089106135,0.101677366,0.027230972,0.07734971,0.085945554,0.047625512,0.120812386,0.13041006,0.028642958,0.0515769,0.049276743,0.03577968,0.16446966,0.16282183,0.041114565
부소산성,0.028169187,0.032500587,0.018068807,0.024377394,0.06544225,0.36848268,0.034451704,0.032613132,0.017198553,0.031528085,0.053940985,0.047455333,0.062071368,0.035213135,0.056198888,0.03635808,0.029974073,0.015158531,0.030298349,0.073076606,0.019141203,0.039228126,0.04488552,0.014092396,0.015588708,0.27157754,0.015637454,0.10374292,0.07038605,0.1990525
북촌 한옥마을,0.08347441,0.029770803,0.022722071,0.04995514,0.14434198,0.15208767,0.0445951,0.10167847,0.020093316,0.03559587,0.06898218,0.035129488,0.07399139,0.03835208,0.047720682,0.049700204,0.036498874,0.018315412,0.045026824,0.027492955,0.028646208,0.027948465,0.055168245,0.016807623,0.036333658,0.11757333,0.021676611,0.07629388,0.1188653,0.07188834
불국사,0.06419121,0.0453845,0.023439322,0.040783215,0.09834291,0.15056837,0.039355483,0.067498885,0.01979921,0.032078616,0.08872142,0.110879414,0.088268355,0.0513559,0.053239934,0.04398328,0.042390313,0.01922693,0.03904019,0.061734177,0.024734812,0.053448156,0.070449844,0.015591361,0.029189985,0.13705489,0.02294921,0.12279062,0.10484631,0.062272716
비자림,0.051591348,0.03682469,0.027877726,0.038139515,0.09976303,0.4052474,0.040464323,0.059074692,0.025678284,0.048494473,0.03817846,0.055926546,0.052483696,0.05705133,0.07377713,0.04983481,0.040490784,0.021638341,0.039461225,0.058296114,0.02586621,0.06350568,0.06456322,0.022088833,0.028666137,0.5657359,0.023746118,0.16236658,0.057854373,0.35607406
삼척해양레일바이크 궁촌정거장,0.056005046,0.037338663,0.018509138,0.027283499,0.04014545,0.19176918,0.036580916,0.03927128,0.014489838,0.020630976,0.038798634,0.028423907,0.04781606,0.027530298,0.041907948,0.06565794,0.04695778,0.014370258,0.059255384,0.027376004,0.018539196,0.051174477,0.085674815,0.01183525,0.021006193,0.063030586,0.017515276,0.11966944,0.065246515,0.022618126
서울랜드,0.1397596,0.09453282,0.036708735,0.06648417,0.09288331,0.10873222,0.0771867,0.06234719,0.029721593,0.038072012,0.055808667,0.093569554,0.06715376,0.061942123,0.06465206,0.09018811,0.1058627,0.026622316,0.08173327,0.055523302,0.03916679,0.07595159,0.2979296,0.021932293,0.050238144,0.08394425,0.035758875,0.1293285,0.15667577,0.03538364
서울스카이,0.1087334,0.10688367,0.035360545,0.078073636,0.12488465,0.21988404,0.16147365,0.14415798,0.029099511,0.041435324,0.0569039,0.058112986,0.07376238,0.047854204,0.06343374,0.07745906,0.12210514,0.027665164,0.061856255,0.056280114,0.04577784,0.1370677,0.1523129,0.027226843,0.05371868,0.06146228,0.033741213,0.1312003,0.1562156,0.036599707
서울식물원,0.067952886,0.07339336,0.034555845,0.0711427,0.14505363,0.2235861,0.05545105,0.098131835,0.027128713,0.043073703,0.04073655,0.12224206,0.06332787,0.07371481,0.088166356,0.04071892,0.05888773,0.023765232,0.033858955,0.079859234,0.04267072,0.09765356,0.08758954,0.024271801,0.037622355,0.24548656,0.029666418,0.17623152,0.21650642,0.18265125
서피비치,0.15301962,0.06346767,0.03641293,0.08296288,0.12835445,0.13805176,0.050686814,0.05923367,0.030351158,0.036384847,0.054621115,0.038564913,0.064286746,0.05331077,0.07472071,0.29296386,0.06692667,0.031066345,0.27597913,0.030578446,0.036086068,0.04536591,0.09103319,0.023066116,0.056130923,0.056925163,0.03910951,0.12252982,0.0627581,0.029251553
석굴암,0.057251137,0.053353652,0.02277179,0.036767464,0.076649375,0.21008317,0.03875884,0.13592681,0.018787334,0.032240126,0.065228835,0.11298528,0.07909142,0.046590034,0.047808062,0.04408643,0.047110863,0.018062195,0.036323126,0.0681995,0.022795627,0.045126956,0.082350396,0.014918435,0.023108823,0.14904873,0.020478,0.12003546,0.0863952,0.08771447
석촌호수,0.07894992,0.034027606,0.03262862,0.055730216,0.21404158,0.37920183,0.13934782,0.110421024,0.029564975,0.058614716,0.048860837,0.04353799,0.07800961,0.0538348,0.050249774,0.027470961,0.059938878,0.02647188,0.02269576,0.04360312,0.043299567,0.04962775,0.05186189,0.029671406,0.040402036,0.39872137,0.029087463,0.122161925,0.15784663,0.318703
설악케이블카,0.064099915,0.06312946,0.022361014,0.037455115,0.051825188,0.3193842,0.03686144,0.049675565,0.01753004,0.028658688,0.03861507,0.08080889,0.057822425,0.03483344,0.038399074,0.05479352,0.08606659,0.015536087,0.046824034,0.03795909,0.020452037,0.067589164,0.063515574,0.01488285,0.023678273,0.13758224,0.022100313,0.12819952,0.08436875,0.046787757
섭지코지,0.06699958,0.04446063,0.022884479,0.037291057,0.095614344,0.36105946,0.04052843,0.09962764,0.019662827,0.035989612,0.027306223,0.08943644,0.04607972,0.0464884,0.053424653,0.029598828,0.03320658,0.015692173,0.025860991,0.04789293,0.021177629,0.03278462,0.053949356,0.016027804,0.01968613,0.3388029,0.019251298,0.119595274,0.07666941,0.22704649
성산일출봉,0.051807966,0.031167952,0.017544027,0.026929365,0.06880303,0.4631151,0.053438276,0.06853269,0.014059708,0.026752766,0.035879515,0.05271039,0.057529535,0.034069307,0.04662981,0.027315645,0.037128426,0.015106709,0.02302935,0.11249505,0.021579687,0.043749094,0.0531589,0.014176895,0.021655265,0.15680918,0.015485122,0.113721855,0.05288138,0.079158336
성심당 본점,0.6873803,0.17381443,0.0888142,0.28639206,0.081298254,0.12720357,0.10303705,0.083318636,0.065819435,0.077364385,0.05789738,0.13047041,0.16445413,0.08084903,0.06538993,0.1754656,0.2256498,0.05663369,0.18507177,0.047184374,0.06707784,0.048924565,0.060359742,0.04767061,0.07425575,0.06275117,0.26947755,0.15104365,0.06571124,0.03107106
속초해수욕장,0.08870236,0.041907065,0.027622351,0.04876338,0.11680955,0.42696598,0.08232394,0.10496445,0.022421917,0.038042862,0.040191352,0.10679825,0.06831704,0.06261195,0.09660548,0.040168367,0.044938333,0.020898314,0.03467673,0.041932754,0.029258016,0.058320858,0.109408535,0.019184168,0.02879611,0.19500424,0.023783416,0.15682061,0.06546853,0.12575026
송도 센트럴파크,0.086955234,0.030317407,0.02284319,0.05574878,0.08883725,0.23478517,0.063703,0.042273313,0.020695563,0.033716783,0.02525401,0.048230257,0.039473414,0.04434141,0.061277054,0.06391181,0.02976671,0.017220583,0.060501494,0.03309797,0.023975143,0.03265764,0.040027943,0.018305918,0.022195958,0.24579157,0.023375873,0.079683,0.0679916,0.1951242
순천 낙안읍성,0.08021062,0.055251427,0.02993254,0.044359434,0.10886679,0.1920875,0.04882139,0.08920934,0.027140478,0.041203503,0.09270194,0.052299827,0.08194839,0.06294801,0.0718944,0.055304397,0.049582906,0.02231182,0.051276624,0.06091134,0.034843408,0.05916017,0.16667478,0.020375894,0.033954747,0.1721007,0.023909759,0.10194382,0.28969103,0.12014714
순천드라마촬영장,0.043549154,0.05280915,0.020641638,0.034685474,0.0621292,0.07759071,0.04078528,0.12324477,0.019601159,0.027396765,0.12064394,0.0465317,0.07240236,0.043714188,0.061747517,0.049885705,0.036959052,0.019704504,0.041364476,0.056171633,0.028970664,0.0721397,0.10176327,0.015840998,0.03508416,0.05560069,0.018166615,0.0923209,0.19846165,0.04196624
아침고요수목원,0.073608615,0.057520695,0.038328554,0.07576185,0.24448378,0.27688882,0.09517737,0.17492613,0.032455284,0.054153007,0.057883643,0.07848853,0.06815751,0.07810767,0.09710829,0.047316555,0.06544022,0.029405016,0.038432322,0.061642833,0.046442185,0.1278882,0.12538518,0.030318258,0.05020371,0.30309972,0.031151848,0.15696369,0.18900347,0.20955865
안동하회마을,0.061842635,0.049082175,0.031162119,0.061135285,0.1265472,0.2670619,0.055344127,0.0961264,0.027740452,0.047632106,0.102690786,0.09985769,0.12278454,0.068702474,0.073013924,0.06049882,0.066265,0.025691358,0.054591894,0.080978066,0.03558167,0.064132035,0.099628136,0.02283859,0.03649127,0.22970052,0.027384026,0.12577304,0.2653503,0.1450524
에버랜드,0.0987856,0.085555285,0.033289667,0.0477864,0.07675627,0.094207324,0.06845661,0.07726013,0.02808523,0.037141863,0.07263805,0.061979245,0.08007672,0.051161382,0.057724398,0.089405,0.12931854,0.026132423,0.077316314,0.044892505,0.03780105,0.078086905,0.26246876,0.022077715,0.0548725,0.07685393,0.032124195,0.12990068,0.14080173,0.029823458
여수해상케이블카,0.08830232,0.06793464,0.031060055,0.05647783,0.12776814,0.3476069,0.22652487,0.087374434,0.026188375,0.04216194,0.06371992,0.069566846,0.085578345,0.043553118,0.050798524,0.07312484,0.118335396,0.025756609,0.059510197,0.048401006,0.038973883,0.099749364,0.09356108,0.025884707,0.0504779,0.116826154,0.029695688,0.13551447,0.1024966,0.051921543
여의도 한강공원,0.08457231,0.048788156,0.03169192,0.046210393,0.12421593,0.42775863,0.09152298,0.058192372,0.026521632,0.04465655,0.05088372,0.051156376,0.07255087,0.058983598,0.07634703,0.07989739,0.056566272,0.024744254,0.0728654,0.03986837,0.03677476,0.046498608,0.059913244,0.024558956,0.04969679,0.36291942,0.026749477,0.13725132,0.094987094,0.19008839
오동도,0.045503132,0.034180276,0.021499828,0.035958577,0.11159674,0.2987345,0.052054584,0.06388384,0.018545821,0.034739528,0.03047664,0.068833545,0.045358837,0.039764702,0.0465855,0.028464755,0.0367219,0.01570327,0.025023727,0.0435562,0.023354657,0.045346513,0.04550933,0.016436847,0.022337157,0.28545454,0.018406596,0.10983287,0.084364854,0.19607274
외도 보타니아,0.16818608,0.06548111,0.029051611,0.16204661,0.108082235,0.18569128,0.042267445,0.08137142,0.021770108,0.033425465,0.037476756,0.037745096,0.053333614,0.037177663,0.054065377,0.049802642,0.051280998,0.0184809,0.047868557,0.02966583,0.027989902,0.0592271,0.061257917,0.019452274,0.034937512,0.12475724,0.039655197,0.1332807,0.08433637,0.064182624
우도,0.07651118,0.038507912,0.020524397,0.037638307,0.09582517,0.17580776,0.039019275,0.049442906,0.015938787,0.025939882,0.034037165,0.037684456,0.05440942,0.03425952,0.045784507,0.058093198,0.040451482,0.014950834,0.053109948,0.03447623,0.02088169,0.0430542,0.06639263,0.013640531,0.022583367,0.11062368,0.020579139,0.114390396,0.07480993,0.03768457
이월드,0.13873968,0.089715935,0.034811474,0.055639286,0.09609073,0.104281805,0.08278499,0.09170593,0.029341076,0.036471125,0.061853647,0.07115906,0.067891784,0.057170823,0.07245286,0.08779774,0.0929904,0.027363531,0.07902762,0.048566695,0.04241805,0.07458801,0.27844045,0.022933578,0.064868376,0.07286388,0.034178663,0.11447946,0.14773627,0.0295316
전주 한옥마을,0.12710144,0.049909413,0.029493826,0.074220404,0.12706104,0.11153835,0.06816431,0.07891705,0.025044689,0.03685068,0.057898317,0.054893684,0.07120236,0.04938705,0.04747447,0.06461381,0.049207278,0.021785012,0.061265677,0.03561206,0.035772797,0.05921899,0.089099266,0.021042071,0.043553714,0.10351365,0.031352617,0.09293903,0.21126164,0.06424596
죽녹원,0.06004754,0.039560825,0.02961343,0.044917807,0.09787944,0.33069843,0.046989713,0.09513499,0.024635801,0.04545115,0.034161676,0.06424847,0.045144882,0.059056476,0.06676992,0.03419254,0.04233122,0.021038387,0.027776338,0.05534486,0.027453933,0.060041193,0.07569391,0.02171248,0.033137526,0.50211984,0.023103198,0.1668356,0.08442983,0.2802351
차이나타운,0.1480495,0.039586738,0.023294523,0.06640795,0.0673989,0.093845196,0.041654956,0.040209927,0.020746717,0.028870711,0.048046377,0.07150648,0.07650198,0.033686746,0.02335869,0.05138641,0.03935011,0.01581402,0.05004507,0.029970655,0.028661583,0.042494923,0.062209535,0.016460808,0.029528234,0.09767528,0.031214999,0.05886593,0.16668592,0.054539673
천지연폭포,0.04433802,0.03827758,0.02351268,0.028583122,0.10594083,0.23583879,0.071867794,0.120015465,0.019589452,0.034058485,0.045679033,0.05855259,0.054115612,0.044258792,0.05137629,0.03117165,0.0384294,0.018187061,0.025350016,0.061563026,0.024393441,0.061451387,0.065163545,0.01741261,0.02409014,0.2682732,0.019088961,0.20265357,0.095388316,0.1716345
첨성대,0.057369296,0.038999226,0.031330537,0.044285923,0.1888093,0.26959535,0.18749377,0.15159954,0.02971421,0.05270518,0.09053221,0.087471835,0.103570916,0.06520242,0.07076179,0.044955764,0.06286836,0.029343637,0.03452487,0.07040985,0.041180827,0.07094799,0.09480049,0.027521627,0.042229246,0.26112017,0.026198858,0.12851423,0.13141873,0.1898064
청계천,0.055582568,0.029163102,0.027698273,0.04800795,0.1485623,0.31301138,0.09097379,0.077270165,0.024947278,0.04785017,0.044425,0.03715587,0.06210815,0.048950355,0.058655813,0.023900919,0.04246398,0.022081725,0.01978784,0.034416374,0.036144383,0.05615164,0.055319764,0.024223266,0.0386417,0.4011152,0.023616828,0.1506744,0.115948424,0.25523815
청남대,0.059540376,0.041751552,0.029900666,0.051002502,0.10887304,0.33648026,0.049824785,0.07634598,0.026712874,0.045034815,0.053396102,0.0897841,0.06702457,0.0843239,0.11451791,0.05519566,0.058690134,0.023938764,0.045349576,0.07002921,0.031663377,0.08597536,0.05643809,0.024205321,0.030075278,0.3320406,0.026291024,0.10418392,0.17885937,0.2739682
태종대,0.051642466,0.04746564,0.020899184,0.03296825,0.05753196,0.25830686,0.04159565,0.048353337,0.016739663,0.027614621,0.03619767,0.11818606,0.054916143,0.05085561,0.047270518,0.047283247,0.035907853,0.014790215,0.042889748,0.0391686,0.020137949,0.03448222,0.037835047,0.013587787,0.01769408,0.16650584,0.018985204,0.13122052,0.08936974,0.10287879
통영케이블카,0.05871375,0.06233363,0.023590866,0.035629205,0.07629004,0.3549953,0.05441086,0.08040901,0.018543378,0.030017352,0.04126561,0.038457274,0.055515952,0.032971136,0.040472966,0.064267434,0.09085086,0.01773982,0.051630747,0.035034224,0.025057573,0.08383396,0.094639614,0.016853139,0.02830672,0.1002826,0.02123985,0.13712281,0.06845009,0.04073575
하늘공원,0.06870934,0.0414791,0.027608715,0.045876835,0.12604624,0.23858312,0.06332499,0.109218575,0.022172915,0.039837535,0.03586788,0.06823134,0.057031132,0.053936392,0.051143546,0.026278237,0.046834707,0.020168645,0.022260958,0.03784303,0.030199092,0.05737129,0.06521685,0.02162964,0.035341356,0.39134592,0.022984734,0.13250118,0.096449934,0.17172042
한국민속촌,0.12215499,0.090540364,0.04340731,0.056980677,0.13020593,0.112794966,0.09040029,0.086587355,0.036731172,0.047511388,0.0877234,0.08131478,0.08431691,0.07422841,0.07379724,0.10974855,0.09755292,0.03106215,0.105258256,0.06731118,0.050842628,0.10018125,0.3431638,0.026318612,0.05918103,0.106375754,0.03318424,0.12438358,0.3766354,0.05881882
해운대,0.13327014,0.04189133,0.027402269,0.1258927,0.083431035,0.28523883,0.05969877,0.048882723,0.022747355,0.036626313,0.042773973,0.05939961,0.07146139,0.048503656,0.059332218,0.06382332,0.04361992,0.020535005,0.061186403,0.037420098,0.030920973,0.046205055,0.05432862,0.02036533,0.03739752,0.12940644,0.03392898,0.12092648,0.08035742,0.0944204
헤이리 예술마을,0.09821944,0.04354536,0.028640084,0.079086386,0.089220054,0.115435675,0.044988107,0.05598547,0.026654158,0.036885347,0.055176865,0.07033362,0.05923638,0.051437046,0.045773134,0.058685,0.047585674,0.022470787,0.056245167,0.037022226,0.047083948,0.051371627,0.12685253,0.022357529,0.05331129,0.10622022,0.0279844,0.06999924,0.19566154,0.084881835
현대백화점 더현대 서울,0.26758108,0.06684318,0.026863026,0.068444096,0.061243024,0.06090535,0.03456183,0.03435302,0.019900735,0.023564044,0.019638421,0.03859087,0.040019765,0.035528734,0.040737018,0.08414184,0.047144163,0.016148549,0.08148176,0.0226023,0.02350369,0.018621823,0.05097789,0.01414345,0.0260151,0.027390188,0.039708648,0.088155486,0.07063395,0.014470145
협재해수욕장,0.08585578,0.03364004,0.023260677,0.05739903,0.15752918,0.32719445,0.05942997,0.08735377,0.018005665,0.030778315,0.030336257,0.064255886,0.053592123,0.047891278,0.079962455,0.03251811,0.036601044,0.016856462,0.029422194,0.032570396,0.022536153,0.037451655,0.103228085,0.015278592,0.025066223,0.13462171,0.021710612,0.13223292,0.051214874,0.061923668
호미곶,0.06868408,0.04147037,0.023458444,0.03399488,0.101856805,0.24747401,0.052196696,0.14419962,0.0187186,0.030166615,0.04586695,0.070530355,0.05967607,0.06056565,0.06302519,0.06083132,0.039823074,0.018575637,0.053433046,0.037241533,0.02556968,0.045682956,0.071392,0.015249403,0.027167179,0.13561954,0.019145906,0.107763946,0.11727752,0.06419138
화담숲,0.27640775,0.10980745,0.045355555,0.07246232,0.15455672,0.24986681,0.06002228,0.08483244,0.03429492,0.05305979,0.034749143,0.087715,0.0640885,0.062885776,0.06904992,0.06319545,0.13442805,0.027806073,0.057734698,0.05681616,0.041057877,0.08210243,0.08824123,0.030492188,0.046542473,0.2724995,0.048977707,0.15415324,0.15595055,0.17224094
화성행궁,0.06520668,0.0439762,0.027532985,0.066004336,0.117753886,0.20065132,0.08937206,0.0877428,0.026550848,0.04198185,0.07264993,0.058118958,0.08082461,0.05397849,0.054750655,0.063421085,0.054154936,0.023945082,0.054598443,0.05142731,0.03644925,0.054305557,0.11574071,0.022351373,0.041923396,0.19481705,0.025969248,0.09535609,0.20266657,0.14246938
화암동굴,0.041978404,0.04081604,0.01936706,0.0235591,0.056293912,0.07118002,0.028581405,0.04069407,0.016756501,0.02285826,0.053010453,0.03172772,0.052826587,0.033715192,0.0332521,0.047614608,0.035528142,0.014666288,0.040671036,0.032547556,0.02087711,0.068785876,0.14575605,0.012285256,0.026054196,0.068358846,0.016548252,0.13449857,0.17474121,0.022903664
환선굴,0.05869713,0.029482925,0.019948883,0.02095936,0.03868505,0.076137364,0.02723497,0.030783242,0.014189979,0.020327725,0.025312722,0.046802226,0.036758084,0.054772947,0.04673355,0.038309686,0.048328437,0.013733824,0.034339312,0.027626418,0.017437942,0.05353593,0.099044874,0.01096207,0.017750293,0.09046594,0.018834122,0.16335651,0.11525848,0.025794243
